word1,word2,word3,word4,word5,word6,word7,word8,word9,word10,
example,security,football,computer,language,creative,building,hardware,software,academic,
champion,analysis,solution,friendly,progress,medicine,delivery,abstract,location,dinosaur,
strategy,calendar,daughter,emphasis,friendly,business,positive,creative,direction,previous,
hospital,terminal,sentence,location,creative,proposal,hardware,software,previous,distance,
feedback,language,creative,hardware,software,positive,solution,analysis,friendly,abstract,
calendar,distance,computer,solution,academic,language,creative,software,hardware,previous,
previous,dinosaur,positive,location,friendly,medicine,football,solution,analysis,hardware,
solution,academic,medicine,positive,language,creative,hardware,software,friendly,abstract,
security,football,computer,language,creative,building,hardware,software,academic,feedback,
,,,,,,,,,,
,,,,,,,,,,
,,,,,,,,,,
,,,,,,,,,,
,,,,,,,,,,
,,,,,,,,,,
,,,,,,,,,,
,,,,,,,,,,
,,,,,,,,,,
,,,,,,,,,,
,,,,,,,,,,
,,,,,,,,,,
,,,,,,,,,,
,,,,,,,,,,
,,,,,,,,,,
,,,,,,,,,,
,,,,,,,,,,
,,,,,,,,,,
,,,,,,,,,,
,,,,,,,,,,
